INSERT INTO personas (id,apellido,nombre,numero_documento,fecha_nacimiento,sexo,email,telefono,imagen) VALUES (1,"Lott","Ian","46932286","1992/05/25",1,"non.feugiat.nec@et.org","(08) 5985 1588","22412"),(2,"Gibbs","Brody","24006027","1995/08/01",1,"dapibus.rutrum.justo@maurisMorbinon.net","(07) 4046 4141","11452"),(3,"Glass","Calvin","11617735","1999/07/13",1,"tempus.risus@antebibendumullamcorper.edu","(09) 8594 3934","99524"),(4,"Anderson","Sonya","34182852","1996/09/06",1,"Fusce.feugiat@cursusInteger.com","(02) 3425 7579","91314"),(5,"Vasquez","Neil","39337321","1994/09/08",1,"diam@nunc.co.uk","(01) 0717 1712","22966"),(6,"Lester","Azalia","39711499","1995/04/01",1,"et.arcu@nuncsedpede.net","(09) 8730 5121","40805"),(7,"Bennett","Hollee","41187895","1994/09/20",1,"ut.nisi.a@acmattis.net","(01) 3457 8392","58520"),(8,"Stephenson","Forrest","44398210","1999/06/07",1,"non.hendrerit.id@volutpatnunc.edu","(05) 6027 0774","61625"),(9,"Cole","Luke","32795927","1997/05/17",1,"eget.volutpat.ornare@Nunc.org","(04) 3704 5674","65486"),(10,"Hardin","Rhoda","6688863","1992/11/20",2,"facilisi@milacinia.ca","(07) 8770 9498","16106");
INSERT INTO personas (id,apellido,nombre,numero_documento,fecha_nacimiento,sexo,email,telefono,imagen) VALUES (11,"Velez","Lester","43788064","1997/10/11",1,"aliquet@aliquamarcuAliquam.com","(06) 0983 2430","91777"),(12,"Patel","Isabella","39983057","1991/06/29",2,"lorem@euismodestarcu.com","(07) 0034 7620","28172"),(13,"Barr","Kuame","45372783","1991/09/13",2,"In.condimentum.Donec@ipsumSuspendisse.co.uk","(09) 8490 9709","16891"),(14,"Crane","Connor","33272717","1994/01/14",1,"Nunc.pulvinar@luctusipsum.org","(09) 6939 6359","50447"),(15,"Knox","Zahir","6585429","1991/07/03",1,"ullamcorper.magna.Sed@semNullainterdum.net","(09) 3591 7864","06541"),(16,"Raymond","Tanisha","9903354","1996/04/16",2,"mus.Donec.dignissim@enimmitempor.edu","(05) 5652 3724","09731"),(17,"Sims","Indigo","12221168","1998/08/26",1,"aliquam.eu@tinciduntnibh.co.uk","(02) 8246 7712","10178"),(18,"Boyd","Alvin","6109719","1993/03/16",1,"Morbi.neque.tellus@etnetus.ca","(05) 3163 7053","42849"),(19,"Hayden","Tucker","18833766","1991/03/16",1,"aliquet@Maurisnondui.org","(02) 5925 9660","42892"),(20,"Tillman","Flynn","47822071","1993/04/21",1,"Donec.dignissim.magna@enimEtiamgravida.net","(05) 2195 8692","11159");
INSERT INTO personas (id,apellido,nombre,numero_documento,fecha_nacimiento,sexo,email,telefono,imagen) VALUES (21,"Camacho","Allegra","25686808","1994/04/26",1,"velit@sedtortorInteger.org","(09) 2409 7481","93599"),(22,"Mosley","Aiko","15492322","1995/03/21",1,"Curabitur.consequat.lectus@nec.net","(02) 5714 0949","61782"),(23,"Warren","Nelle","28577124","1994/08/24",1,"nisl.sem@Maurisvel.ca","(09) 1618 9689","14701"),(24,"Hebert","Colby","49722431","1994/03/11",2,"scelerisque.dui@magnaSuspendissetristique.net","(05) 6576 0731","47892"),(25,"Richmond","Charissa","24862989","1995/10/19",2,"mollis@lobortisClass.co.uk","(02) 1233 9721","34756"),(26,"Sharpe","Eaton","36276380","1999/06/05",1,"sed.leo.Cras@Duisat.org","(09) 0464 8153","58054"),(27,"Mcleod","Frances","15123885","1997/08/23",1,"amet.risus.Donec@elit.co.uk","(08) 0808 4101","59426"),(28,"Wagner","Dahlia","18603698","1993/11/11",2,"at.pretium@egestas.edu","(02) 8338 6577","88951"),(29,"Hart","Ignatius","26561549","1993/02/23",1,"urna@amet.org","(06) 6217 0304","91387"),(30,"Sosa","Lesley","16643364","1993/05/05",1,"Nullam.feugiat@elementum.com","(08) 6069 0671","39009");
INSERT INTO personas (id,apellido,nombre,numero_documento,fecha_nacimiento,sexo,email,telefono,imagen) VALUES (31,"Howe","Colt","12728135","1998/09/13",2,"odio.a.purus@vitaesodales.co.uk","(09) 9056 8992","07293"),(32,"Bolton","Bert","18150578","1996/06/26",1,"dolor@anteblandit.net","(08) 5358 0396","20108"),(33,"Chan","Dieter","14619988","1991/11/03",1,"libero@amet.ca","(04) 0890 2321","63986"),(34,"Hoffman","TaShya","30256374","1992/08/13",1,"ante.iaculis@Class.edu","(09) 4759 2784","30282"),(35,"Rutledge","Rhonda","14693876","1997/07/10",2,"ligula.Nullam.feugiat@dolor.org","(08) 4065 0686","71350"),(36,"Pratt","Juliet","35221054","1997/12/17",2,"felis.Nulla.tempor@habitantmorbi.net","(08) 6310 9497","84138"),(37,"Hendrix","Luke","38828193","1998/09/12",2,"aliquet.nec.imperdiet@consectetuercursus.edu","(08) 5094 2999","48330"),(38,"Griffith","Rudyard","8335835","1991/04/08",1,"semper@cursus.com","(02) 4016 3932","01311"),(39,"Carson","Regina","24893000","1991/09/30",2,"varius@laoreetposuereenim.edu","(06) 7801 3592","66435"),(40,"Luna","Kaseem","23076433","1991/03/13",1,"eu.placerat.eget@aliquet.com","(03) 4095 5762","42865");
INSERT INTO personas (id,apellido,nombre,numero_documento,fecha_nacimiento,sexo,email,telefono,imagen) VALUES (41,"Jennings","Cally","23833673","1998/08/06",1,"Fusce.dolor@sociosquad.com","(03) 4534 6746","92536"),(42,"Drake","Byron","32593236","1992/08/21",1,"Nullam.velit.dui@tinciduntduiaugue.net","(08) 2033 8599","33299"),(43,"James","Louis","38763404","1996/06/04",1,"arcu.Vestibulum@velvenenatisvel.co.uk","(01) 1701 0318","23193"),(44,"Caldwell","Roanna","47457252","1995/08/20",2,"congue@arcu.edu","(05) 8008 2073","12372"),(45,"Stanton","Jana","20980750","1993/06/11",1,"dui.nec@nibhAliquam.net","(09) 4472 4219","10785"),(46,"Gallegos","Clinton","49849774","1995/03/02",1,"diam.Proin.dolor@nunc.net","(06) 4133 7145","12272"),(47,"Carney","Odysseus","39006937","1994/11/13",2,"dictum.eu.placerat@diamlorem.net","(08) 2490 3946","31300"),(48,"Herring","Jason","36217187","1996/06/22",2,"mi@dui.com","(07) 3783 1429","50949"),(49,"Mccullough","Ashely","23048480","1994/03/29",2,"nulla.Integer.urna@mattisIntegereu.com","(03) 7063 3398","07950"),(50,"Reed","Indigo","34162602","1994/03/11",2,"tempor@orci.com","(07) 4996 2557","57399");
INSERT INTO personas (id,apellido,nombre,numero_documento,fecha_nacimiento,sexo,email,telefono,imagen) VALUES (51,"Hammond","Isaiah","25880968","1991/05/19",2,"diam.lorem.auctor@vulputaterisus.co.uk","(07) 4522 1748","21284"),(52,"Ward","Barry","14808943","1990/09/23",1,"sollicitudin.a@Sed.net","(08) 9852 4850","40569"),(53,"Edwards","Patrick","7847261","1996/12/18",2,"quis@dolor.co.uk","(03) 0834 2076","78921"),(54,"Collier","Karyn","47047129","1995/06/11",2,"diam@Nunclaoreet.ca","(07) 5726 1361","74922"),(55,"Gibson","Allistair","6827410","2000/02/10",1,"ut.nisi@molestiedapibusligula.ca","(05) 1371 3599","28180"),(56,"Rowe","Emmanuel","5763307","1996/06/11",2,"sodales.at@et.ca","(03) 5622 8077","19895"),(57,"Raymond","Ivy","28375981","1994/02/24",1,"erat@adipiscingMaurismolestie.org","(05) 8479 6596","39937"),(58,"Pate","Shaine","22094348","1991/08/19",2,"non.dapibus.rutrum@sitamet.net","(09) 0365 2403","67617"),(59,"Lancaster","Akeem","50666258","1991/10/14",1,"sit.amet.diam@orciin.org","(07) 5144 1285","39663"),(60,"Roach","Ali","35520697","1999/03/25",2,"sollicitudin.orci.sem@orciquislectus.edu","(09) 5325 5110","20117");
INSERT INTO personas (id,apellido,nombre,numero_documento,fecha_nacimiento,sexo,email,telefono,imagen) VALUES (61,"Roy","Gemma","37415659","1996/03/28",1,"ante@magnisdis.net","(09) 8995 7878","42629"),(62,"Reyes","Neve","21309131","1990/11/05",2,"vulputate@vitae.ca","(02) 5034 7285","63603"),(63,"Massey","Merrill","35097866","1999/07/06",1,"Nunc.mauris@variusultrices.edu","(02) 8939 2779","90318"),(64,"Koch","Conan","41576294","1990/08/07",1,"amet.luctus.vulputate@neque.ca","(06) 0342 8372","43891"),(65,"Malone","Myles","15070596","1990/05/29",2,"sapien.Aenean@augueSedmolestie.org","(02) 3220 5833","87040"),(66,"Sears","Christopher","12383449","1997/12/14",1,"non.enim@Donec.edu","(08) 7346 4409","86602"),(67,"Miranda","Isadora","14242081","1998/06/12",2,"tellus.imperdiet.non@egetipsumSuspendisse.net","(05) 6854 2135","77543"),(68,"Phillips","Arden","49136101","1994/04/16",2,"nibh.Phasellus.nulla@arcuVestibulum.net","(06) 3380 2002","85935"),(69,"Parrish","Zoe","44941472","1999/08/11",2,"dictum.cursus.Nunc@eget.com","(03) 0644 4460","03542"),(70,"Carroll","Petra","50379735","1996/05/30",2,"sit@inlobortistellus.com","(05) 4195 6704","26745");
INSERT INTO personas (id,apellido,nombre,numero_documento,fecha_nacimiento,sexo,email,telefono,imagen) VALUES (71,"Beach","Karen","6571965","1997/11/30",1,"litora@maurisidsapien.edu","(04) 5352 2705","75115"),(72,"Bowers","Emily","46189022","1992/12/04",1,"arcu.Nunc.mauris@ipsumporta.ca","(01) 0195 2027","17154"),(73,"Rojas","Edan","39435181","1997/12/05",1,"Donec@Vestibulumanteipsum.net","(05) 0027 3746","43479"),(74,"Crane","Callum","16989585","1993/10/10",1,"dictum.Phasellus.in@varius.com","(05) 2792 5725","53552"),(75,"Rodgers","Brett","24903340","1997/09/12",1,"mollis.vitae.posuere@dolorelit.net","(07) 1562 1875","79707"),(76,"House","Lamar","30532689","1994/08/10",1,"nulla.Donec@aliquetmetus.net","(09) 7939 0293","83562"),(77,"Arnold","Burton","22630177","1999/05/29",1,"a.mi@dictumeleifend.com","(06) 5817 6399","82529"),(78,"Powers","Ulysses","32122305","1991/08/20",2,"ultrices.posuere@interdum.ca","(02) 2899 5077","96336"),(79,"Crane","Raven","25544131","1997/05/28",1,"Sed.dictum@inceptos.co.uk","(03) 2271 2954","01076"),(80,"Doyle","Ifeoma","5964187","1996/11/26",1,"eget.ipsum@quisdiamPellentesque.edu","(06) 7426 3106","99049");
INSERT INTO personas (id,apellido,nombre,numero_documento,fecha_nacimiento,sexo,email,telefono,imagen) VALUES (81,"Lopez","Ciaran","45727128","1995/10/10",2,"dolor.Fusce.feugiat@iaculisnec.co.uk","(08) 6175 9808","46704"),(82,"Bowen","Noelle","40775375","1995/01/10",1,"fringilla.est.Mauris@lobortisquispede.ca","(01) 1015 8139","58722"),(83,"Clarke","Joseph","19571214","1990/06/18",1,"lorem.auctor@enimEtiam.co.uk","(07) 8449 7472","10035"),(84,"Nash","Montana","35256181","1992/08/10",1,"est@pellentesque.co.uk","(05) 1759 0352","95275"),(85,"Howe","Nyssa","44303487","2000/05/07",2,"molestie@amet.org","(06) 7620 9314","59889"),(86,"Pollard","Daryl","37194995","1992/12/24",1,"mauris@purus.edu","(06) 7737 0756","89057"),(87,"Gibbs","Athena","23383674","1992/03/02",1,"ullamcorper.Duis@acipsumPhasellus.ca","(02) 3473 8083","61690"),(88,"Ortiz","Acton","9542095","1994/06/23",1,"aliquet.odio@ornarelibero.com","(01) 1272 1845","27501"),(89,"Mayo","Olga","12351653","1999/04/24",1,"enim@Quisquenonummyipsum.org","(08) 4647 2788","17052"),(90,"Harris","Armand","37477593","1991/12/21",1,"risus.Donec.egestas@Aliquamgravida.com","(03) 9069 4394","90952");
INSERT INTO personas (id,apellido,nombre,numero_documento,fecha_nacimiento,sexo,email,telefono,imagen) VALUES (91,"Lyons","Louis","45294220","1991/08/19",1,"mus.Proin@arcuNuncmauris.co.uk","(03) 5176 7714","70970"),(92,"Lynn","Melvin","19922841","1996/04/06",2,"et@molestie.edu","(09) 0733 7918","75640"),(93,"Good","Justina","20404903","1995/08/17",2,"vel.turpis.Aliquam@enimsit.net","(01) 2675 2571","49081"),(94,"Hammond","Cherokee","43189942","1995/04/29",1,"tellus.eu.augue@odio.com","(07) 6606 9650","78366"),(95,"Hoffman","Fallon","41205999","1997/07/08",2,"nunc.ullamcorper.eu@libero.edu","(04) 4878 8301","55577"),(96,"Marshall","Ariana","39873586","1997/10/26",2,"Vivamus.nisi@montesnascetur.co.uk","(01) 5215 0033","91885"),(97,"Donaldson","Alana","9754907","1993/10/31",2,"erat@lectusante.com","(06) 4722 1248","35120"),(98,"Moody","Lillian","35675118","1991/04/01",1,"vel.nisl.Quisque@Curabituregestasnunc.co.uk","(02) 3261 0594","95524"),(99,"Vang","Merritt","27327138","1991/11/11",1,"arcu.Vestibulum.ut@nisiMaurisnulla.org","(02) 5807 8745","49023"),(100,"Rich","Adara","37647614","1996/03/09",1,"Cras@inmolestietortor.ca","(02) 5069 3837","65720");

/*clientes*/
INSERT INTO clientes (id,codigo,fecha_alta,estado) VALUES (1,"S8J 7L9","2020-06-21 13:26:25",0),(2,"Q2M 8Q7","2019-05-12 09:57:51",1),(3,"Y9Y 2N9","2020-10-08 09:45:00",1),(4,"S3N 9V8","2020-07-19 14:46:43",0),(5,"T8I 8V9","2020-01-06 17:49:16",0),(6,"L8D 7C7","2020-10-20 17:02:11",0),(7,"Z3O 7M8","2021-01-02 07:45:25",0),(8,"Z9O 1D5","2021-01-04 19:58:47",0),(9,"Q4P 7W5","2019-08-25 13:10:52",1),(10,"I5E 9E1","2020-09-15 15:03:26",0);
INSERT INTO clientes (id,codigo,fecha_alta,estado) VALUES (11,"R5X 1C6","2019-08-16 19:00:24",0),(12,"U6Z 9E3","2020-10-14 02:31:34",0),(13,"Y6F 0O1","2020-06-21 06:33:17",0),(14,"X9V 4H3","2021-02-26 13:42:25",0),(15,"D9E 1R6","2020-11-29 15:30:55",0),(16,"B0H 7G2","2019-07-18 23:02:22",0),(17,"H7F 1J3","2020-02-18 21:43:25",1),(18,"E9T 5C7","2020-11-10 17:10:49",0),(19,"C8T 5W8","2021-03-25 17:09:08",1),(20,"F5D 0C5","2019-10-18 11:09:39",1);
INSERT INTO clientes (id,codigo,fecha_alta,estado) VALUES (21,"Q5N 6B0","2019-08-13 15:03:13",1),(22,"I8G 8I3","2020-08-20 23:54:50",1),(23,"Z2I 1Z2","2019-05-18 13:12:56",1),(24,"C0D 6V3","2020-07-15 12:32:51",0),(25,"Y1B 0A9","2020-08-10 17:35:59",0),(26,"H1L 6P7","2020-08-23 17:09:00",0),(27,"O9M 5S4","2020-02-12 01:28:33",0),(28,"I3L 8C7","2020-10-17 01:40:58",0),(29,"A6E 0V6","2021-03-05 08:59:19",1),(30,"J3F 8C8","2020-04-10 22:24:46",1);
INSERT INTO clientes (id,codigo,fecha_alta,estado) VALUES (31,"Z5D 8T0","2020-06-06 03:18:08",1),(32,"V4J 1V7","2020-03-06 07:26:56",0),(33,"Q3J 1F2","2019-07-11 18:27:11",0),(34,"I0U 4D1","2021-02-23 22:02:33",0),(35,"G2R 6V8","2020-09-03 03:53:49",0),(36,"E3T 1N0","2020-05-30 01:10:14",1),(37,"N1F 5M7","2020-05-07 07:14:25",0),(38,"W3Q 1C6","2019-12-03 09:33:51",1),(39,"J3O 7M3","2020-05-20 06:58:47",1),(40,"P8X 2U6","2020-02-12 14:20:31",0);
INSERT INTO clientes (id,codigo,fecha_alta,estado) VALUES (41,"C0X 0X2","2019-05-26 13:38:16",0),(42,"Y0D 6G0","2021-04-24 13:46:15",1),(43,"F2J 7E3","2019-07-15 21:39:53",0),(44,"G3B 5W8","2020-09-11 02:25:19",1),(45,"O1F 4N4","2020-03-18 20:13:23",1),(46,"K1Y 9U1","2020-03-09 05:33:05",0),(47,"O1K 2J7","2020-02-28 12:26:55",1),(48,"K2P 6E7","2020-03-13 22:02:28",1),(49,"O0V 7J0","2020-10-16 19:55:00",1),(50,"S4B 0O3","2021-02-28 20:12:30",0);
INSERT INTO clientes (id,codigo,fecha_alta,estado) VALUES (51,"R6K 7J8","2020-05-28 17:42:02",0),(52,"O1B 6J4","2020-09-27 03:30:21",1),(53,"P7T 6K9","2020-10-12 23:37:27",1),(54,"H9C 5D8","2019-07-06 18:22:35",1),(55,"T4T 9Q0","2020-01-06 15:38:19",0),(56,"K9A 9W4","2019-09-02 16:21:00",0),(57,"V4X 5I8","2019-06-02 23:22:33",0),(58,"P8P 7C8","2019-06-12 16:48:29",0),(59,"P2I 0N4","2020-10-27 14:11:01",0),(60,"Z3U 3R5","2020-01-09 05:13:14",0);
INSERT INTO clientes (id,codigo,fecha_alta,estado) VALUES (61,"X0G 7D5","2021-02-20 07:53:03",0),(62,"M8Z 0Z9","2020-12-27 16:41:36",1),(63,"S1S 4O4","2020-06-28 23:33:29",1),(64,"F0O 0J7","2020-10-12 11:32:54",0),(65,"K2G 6I8","2020-02-15 01:50:34",0),(66,"N2W 3Q6","2019-08-27 06:12:40",1),(67,"G2E 4V3","2020-08-09 09:43:54",0),(68,"J5D 5R3","2019-09-04 13:01:54",1),(69,"Q9D 8C4","2020-05-04 05:02:04",0),(70,"F5J 3I4","2020-03-25 20:00:46",0);
INSERT INTO clientes (id,codigo,fecha_alta,estado) VALUES (71,"G4Q 3C1","2020-09-07 05:00:53",0),(72,"T9S 6B1","2021-02-08 07:04:39",0),(73,"N0Y 2V6","2019-07-16 06:34:52",0),(74,"K7H 6U7","2020-11-21 11:57:16",1),(75,"G5D 0E4","2020-10-20 06:42:12",1),(76,"Z1R 1P0","2020-07-02 19:50:33",0),(77,"O6H 2R5","2019-09-04 23:50:32",1),(78,"O8M 3G3","2020-04-04 18:54:28",0),(79,"Y8B 9X6","2020-07-12 18:26:24",1),(80,"H2C 3L7","2019-05-27 07:51:33",0);
INSERT INTO clientes (id,codigo,fecha_alta,estado) VALUES (81,"R8U 1V2","2020-10-31 05:48:27",1),(82,"R1W 5X1","2020-06-22 23:53:51",0),(83,"S8G 4U4","2021-02-24 00:21:03",1),(84,"N5M 6T6","2021-02-16 20:51:49",1),(85,"D1A 7L5","2020-04-29 16:18:24",0),(86,"W5S 6G8","2019-08-17 10:48:22",0),(87,"M0O 7D0","2021-04-05 04:57:12",0),(88,"O2H 0D3","2019-12-19 13:00:59",0),(89,"R9Q 4R3","2021-04-09 19:03:11",0),(90,"G0G 7Z9","2020-11-13 12:24:23",1);
INSERT INTO clientes (id,codigo,fecha_alta,estado) VALUES (91,"Z4V 0Q8","2021-02-12 12:31:06",1),(92,"V0R 3Z3","2020-02-20 11:38:59",0),(93,"X3D 3Z2","2020-12-25 17:06:46",0),(94,"R4R 2E1","2019-12-10 04:33:29",1),(95,"M6N 8M1","2020-11-27 02:43:50",1),(96,"G2B 8E5","2020-01-27 20:07:25",1),(97,"E9H 2Q7","2019-07-13 18:33:20",0),(98,"U8R 0P3","2021-03-17 10:46:48",0),(99,"W2W 0Z6","2019-09-16 18:10:47",1),(100,"K6D 9G7","2020-02-18 20:13:41",1);

/*perfiles*/
INSERT INTO perfiles(descripcion) VALUES ("Gerencia"),("Caja"),("Prestamos");

/*usuarios*/
/*nombre de usuario: admin, contraseña : admin*/
INSERT INTO usuarios(id,username,password,estado,fecha_alta,id_tipo_usuario) VALUES(1,"admin","c7ad44cbad762a5da0a452f9e854fdc1e0e7a52a38015f23f3eab1d80b931dd472634dfac71cd34ebc35d16ab7fb8a90c81f975113d6c7538dc69dd8de9077ec",1,NOW(),1);

/*prestamos*/
INSERT INTO prestamos (id,dinero_prestado,fecha_solicitud,cantidad_cuotas,tna,gastos_admin,seguro_vida,iva,observaciones,estado,id_cliente,id_operador) VALUES (1,"5948.98","2020/12/12",3,6,4,3,2,"Prestamo otorgado",1,1,1),(2,"6389.19","2019/11/04",3,24,4,4,2,"Prestamo otorgado",1,6,1),(3,"3396.26","2020/03/04",3,49,4,4,2,"Prestamo otorgado",1,1,1),(4,"2149.54","2019/05/14",4,30,4,2,6,"Prestamo otorgado",1,1,1),(5,"5642.20","2020/12/16",5,9,3,2,6,"Prestamo otorgado",1,4,1),(6,"4884.89","2020/12/06",4,30,4,4,6,"Prestamo otorgado",1,2,1),(7,"1108.31","2019/11/24",5,11,2,2,3,"Prestamo otorgado",1,3,1),(8,"5368.52","2020/08/22",3,30,3,3,7,"Prestamo otorgado",1,10,1),(9,"3436.33","2020/11/15",5,44,3,3,7,"Prestamo otorgado",1,6,1),(10,"8858.90","2019/09/26",5,24,2,2,7,"Prestamo otorgado",1,3,1);
INSERT INTO prestamos (id,dinero_prestado,fecha_solicitud,cantidad_cuotas,tna,gastos_admin,seguro_vida,iva,observaciones,estado,id_cliente,id_operador) VALUES (11,"4509.51","2021/01/01",5,14,3,3,8,"Prestamo otorgado",1,5,1),(12,"3503.54","2020/06/05",4,11,3,4,4,"Prestamo otorgado",1,4,1),(13,"9986.32","2020/01/09",4,31,4,2,2,"Prestamo otorgado",1,1,1),(14,"1079.58","2020/03/03",4,13,2,4,5,"Prestamo otorgado",1,7,1),(15,"6070.15","2020/09/22",4,22,2,2,3,"Prestamo otorgado",1,5,1),(16,"9558.16","2019/12/20",4,23,3,3,1,"Prestamo otorgado",1,1,1),(17,"6001.94","2020/12/17",4,13,2,4,8,"Prestamo otorgado",1,2,1),(18,"9847.36","2019/10/15",5,10,3,4,3,"Prestamo otorgado",1,10,1),(19,"5472.59","2020/12/31",5,5,2,4,4,"Prestamo otorgado",1,4,1),(20,"5876.44","2020/03/24",4,30,3,4,5,"Prestamo otorgado",1,1,1);
INSERT INTO prestamos (id,dinero_prestado,fecha_solicitud,cantidad_cuotas,tna,gastos_admin,seguro_vida,iva,observaciones,estado,id_cliente,id_operador) VALUES (21,"4435.12","2020/01/07",3,15,2,3,7,"Prestamo otorgado",1,2,1),(22,"7196.05","2019/11/06",4,3,4,3,2,"Prestamo otorgado",1,10,1),(23,"9638.77","2019/05/15",3,49,2,4,2,"Prestamo otorgado",1,1,1),(24,"3595.03","2020/02/14",3,50,2,4,2,"Prestamo otorgado",1,10,1),(25,"7365.00","2020/01/02",4,21,4,3,3,"Prestamo otorgado",1,8,1),(26,"9861.98","2019/09/18",4,50,4,4,5,"Prestamo otorgado",1,1,1),(27,"3509.55","2021/01/24",5,25,3,3,9,"Prestamo otorgado",1,4,1),(28,"7486.91","2019/11/08",4,39,2,3,8,"Prestamo otorgado",1,9,1),(29,"8392.14","2020/01/15",4,2,3,4,5,"Prestamo otorgado",1,6,1),(30,"5431.34","2021/02/12",4,37,2,4,6,"Prestamo otorgado",1,2,1);
INSERT INTO prestamos (id,dinero_prestado,fecha_solicitud,cantidad_cuotas,tna,gastos_admin,seguro_vida,iva,observaciones,estado,id_cliente,id_operador) VALUES (31,"3592.05","2020/08/16",5,15,3,3,8,"Prestamo otorgado",1,2,1),(32,"4934.08","2019/05/24",3,19,2,4,4,"Prestamo otorgado",1,3,1),(33,"1614.31","2020/10/30",5,14,2,4,3,"Prestamo otorgado",1,3,1),(34,"5035.66","2019/07/08",3,37,3,2,6,"Prestamo otorgado",1,3,1),(35,"6060.69","2019/10/05",3,40,2,4,0,"Prestamo otorgado",1,9,1),(36,"4835.38","2021/01/18",3,31,2,3,7,"Prestamo otorgado",1,3,1),(37,"2813.83","2020/05/25",3,32,3,3,3,"Prestamo otorgado",1,9,1),(38,"2320.45","2020/08/14",5,40,2,4,4,"Prestamo otorgado",1,9,1),(39,"3591.60","2020/04/29",4,25,3,3,7,"Prestamo otorgado",1,6,1),(40,"2439.55","2020/04/11",5,17,3,3,3,"Prestamo otorgado",1,4,1);
INSERT INTO prestamos (id,dinero_prestado,fecha_solicitud,cantidad_cuotas,tna,gastos_admin,seguro_vida,iva,observaciones,estado,id_cliente,id_operador) VALUES (41,"2428.73","2019/08/14",5,37,4,2,2,"Prestamo otorgado",1,2,1),(42,"4598.37","2020/03/03",5,47,2,4,9,"Prestamo otorgado",1,6,1),(43,"4816.91","2020/03/18",3,49,4,3,3,"Prestamo otorgado",1,4,1),(44,"3144.16","2020/06/28",3,37,3,4,2,"Prestamo otorgado",1,8,1),(45,"3434.53","2020/02/10",5,33,2,4,7,"Prestamo otorgado",1,1,1),(46,"4279.68","2021/02/21",3,43,2,2,4,"Prestamo otorgado",1,5,1),(47,"1748.30","2020/05/28",5,15,3,3,2,"Prestamo otorgado",1,7,1),(48,"3473.54","2021/01/15",4,10,2,2,7,"Prestamo otorgado",1,7,1),(49,"8822.80","2020/04/24",3,45,2,3,8,"Prestamo otorgado",1,7,1),(50,"2968.97","2020/12/03",4,38,2,2,3,"Prestamo otorgado",1,2,1);
INSERT INTO prestamos (id,dinero_prestado,fecha_solicitud,cantidad_cuotas,tna,gastos_admin,seguro_vida,iva,observaciones,estado,id_cliente,id_operador) VALUES (51,"7770.92","2019/09/04",5,46,4,3,0,"Prestamo otorgado",1,4,1),(52,"4626.46","2021/02/09",4,37,4,2,1,"Prestamo otorgado",1,6,1),(53,"8439.61","2021/02/20",3,48,3,2,3,"Prestamo otorgado",1,1,1),(54,"6510.75","2019/10/23",3,11,2,2,1,"Prestamo otorgado",1,7,1),(55,"6623.31","2020/04/09",5,38,2,3,6,"Prestamo otorgado",1,8,1),(56,"1120.70","2021/01/20",5,11,4,2,3,"Prestamo otorgado",1,2,1),(57,"6765.85","2020/10/05",3,44,3,3,4,"Prestamo otorgado",1,10,1),(58,"4089.69","2021/05/10",3,20,2,4,7,"Prestamo otorgado",1,9,1),(59,"4780.78","2020/10/21",3,1,2,2,7,"Prestamo otorgado",1,5,1),(60,"2800.39","2020/04/09",4,4,2,4,0,"Prestamo otorgado",1,4,1);
INSERT INTO prestamos (id,dinero_prestado,fecha_solicitud,cantidad_cuotas,tna,gastos_admin,seguro_vida,iva,observaciones,estado,id_cliente,id_operador) VALUES (61,"4706.72","2019/07/29",3,22,2,4,3,"Prestamo otorgado",1,6,1),(62,"5380.70","2020/11/08",3,46,4,3,4,"Prestamo otorgado",1,10,1),(63,"7369.83","2019/10/01",4,42,3,3,7,"Prestamo otorgado",1,2,1),(64,"3813.14","2020/04/12",3,23,4,3,0,"Prestamo otorgado",1,3,1),(65,"1073.18","2021/01/18",3,47,2,4,4,"Prestamo otorgado",1,8,1),(66,"3005.98","2021/03/03",4,28,2,3,5,"Prestamo otorgado",1,1,1),(67,"6295.90","2019/08/26",4,21,2,4,9,"Prestamo otorgado",1,7,1),(68,"6959.89","2020/01/18",5,31,2,2,2,"Prestamo otorgado",1,2,1),(69,"5790.02","2020/07/18",4,3,3,4,3,"Prestamo otorgado",1,2,1),(70,"2849.61","2020/03/08",3,46,3,3,5,"Prestamo otorgado",1,9,1);
INSERT INTO prestamos (id,dinero_prestado,fecha_solicitud,cantidad_cuotas,tna,gastos_admin,seguro_vida,iva,observaciones,estado,id_cliente,id_operador) VALUES (71,"6052.57","2020/09/08",4,42,2,3,8,"Prestamo otorgado",1,8,1),(72,"5641.28","2019/05/30",5,39,2,2,1,"Prestamo otorgado",1,3,1),(73,"5716.54","2021/01/01",3,16,4,3,7,"Prestamo otorgado",1,2,1),(74,"8047.66","2019/07/17",4,33,2,4,3,"Prestamo otorgado",1,6,1),(75,"1312.56","2020/12/30",4,29,3,3,4,"Prestamo otorgado",1,8,1),(76,"7586.57","2019/09/21",4,39,4,3,5,"Prestamo otorgado",1,6,1),(77,"8732.88","2019/12/13",4,1,2,2,8,"Prestamo otorgado",1,8,1),(78,"8218.41","2020/09/27",4,19,2,4,6,"Prestamo otorgado",1,6,1),(79,"8023.46","2020/07/10",5,28,3,4,6,"Prestamo otorgado",1,1,1),(80,"3558.75","2021/02/07",5,22,4,3,9,"Prestamo otorgado",1,2,1);
INSERT INTO prestamos (id,dinero_prestado,fecha_solicitud,cantidad_cuotas,tna,gastos_admin,seguro_vida,iva,observaciones,estado,id_cliente,id_operador) VALUES (81,"6843.99","2020/01/25",5,16,3,3,4,"Prestamo otorgado",1,3,1),(82,"3958.91","2021/05/12",5,34,3,4,7,"Prestamo otorgado",1,2,1),(83,"4574.19","2020/09/29",3,48,3,2,4,"Prestamo otorgado",1,5,1),(84,"7606.72","2019/11/16",3,18,4,3,4,"Prestamo otorgado",1,10,1),(85,"1221.59","2020/09/13",5,14,2,2,2,"Prestamo otorgado",1,10,1),(86,"8293.30","2021/03/16",4,13,3,3,9,"Prestamo otorgado",1,2,1),(87,"4006.08","2020/09/25",4,16,4,3,0,"Prestamo otorgado",1,5,1),(88,"8767.41","2021/04/20",5,13,3,4,6,"Prestamo otorgado",1,10,1),(89,"9017.61","2020/04/18",4,39,4,2,0,"Prestamo otorgado",1,9,1),(90,"8106.68","2019/09/05",3,11,4,4,2,"Prestamo otorgado",1,1,1);
INSERT INTO prestamos (id,dinero_prestado,fecha_solicitud,cantidad_cuotas,tna,gastos_admin,seguro_vida,iva,observaciones,estado,id_cliente,id_operador) VALUES (91,"7564.93","2020/07/06",5,30,3,3,8,"Prestamo otorgado",1,5,1),(92,"4697.12","2020/04/13",3,13,3,3,4,"Prestamo otorgado",1,3,1),(93,"6833.86","2019/11/20",5,12,3,3,2,"Prestamo otorgado",1,4,1),(94,"6527.60","2020/09/02",3,34,4,2,9,"Prestamo otorgado",1,4,1),(95,"7465.63","2020/02/29",4,46,2,3,1,"Prestamo otorgado",1,10,1),(96,"6135.85","2020/03/02",3,35,2,4,8,"Prestamo otorgado",1,4,1),(97,"8556.82","2020/09/09",5,49,2,4,5,"Prestamo otorgado",1,9,1),(98,"3328.60","2019/06/27",4,45,3,3,5,"Prestamo otorgado",1,1,1),(99,"6804.67","2019/11/18",4,41,4,2,1,"Prestamo otorgado",1,7,1),(100,"5331.62","2020/06/13",4,14,4,4,2,"Prestamo otorgado",1,5,1);

/*cuotas*/
INSERT INTO cuotas (id,nro,valor,fecha_vencimiento,estado,id_prestamo) VALUES (1,3,"5346","2021/04/12",1,1),(2,1,"6100","2021/03/11",3,2),(3,1,"7865","2019/10/24",2,3),(4,3,"7789","2020/05/01",1,4),(5,1,"8657","2021/04/18",3,5),(6,2,"9016","2020/08/04",3,6),(7,2,"5990","2020/10/30",1,7),(8,1,"5429","2020/10/20",1,8),(9,4,"5737","2020/04/09",1,9),(10,3,"6295","2020/12/24",3,10);
INSERT INTO cuotas (id,nro,valor,fecha_vencimiento,estado,id_prestamo) VALUES (11,3,"7683","2020/05/24",3,11),(12,1,"7223","2019/11/20",3,12),(13,1,"7837","2019/07/22",2,13),(14,4,"6164","2019/10/01",2,14),(15,5,"9123","2020/03/07",1,15),(16,3,"9378","2019/10/17",1,16),(17,3,"6466","2019/10/25",1,17),(18,4,"8374","2021/04/20",3,18),(19,2,"9542","2019/05/13",2,19),(20,1,"8291","2020/03/08",3,20);
INSERT INTO cuotas (id,nro,valor,fecha_vencimiento,estado,id_prestamo) VALUES (21,1,"6754","2020/08/28",3,21),(22,5,"8183","2019/08/15",3,22),(23,1,"9966","2020/08/04",2,23),(24,5,"8277","2020/10/07",3,24),(25,2,"7307","2020/08/23",3,25),(26,5,"9993","2020/08/11",2,26),(27,2,"8837","2019/10/02",1,27),(28,1,"7797","2019/08/22",1,28),(29,2,"5511","2019/11/23",2,29),(30,5,"9191","2019/11/20",2,30);
INSERT INTO cuotas (id,nro,valor,fecha_vencimiento,estado,id_prestamo) VALUES (31,2,"6088","2019/12/30",3,31),(32,3,"6560","2020/03/26",3,32),(33,4,"8361","2020/01/20",3,33),(34,1,"7599","2021/04/23",2,34),(35,3,"8410","2019/12/16",3,35),(36,5,"9565","2019/11/08",3,36),(37,4,"8507","2020/10/29",2,37),(38,1,"9217","2020/05/07",3,38),(39,4,"5327","2020/01/24",3,39),(40,4,"9470","2020/03/26",3,40);
INSERT INTO cuotas (id,nro,valor,fecha_vencimiento,estado,id_prestamo) VALUES (41,1,"9030","2021/04/07",2,41),(42,3,"9979","2020/09/08",2,42),(43,5,"6292","2020/02/24",1,43),(44,3,"8770","2020/02/03",3,44),(45,3,"7348","2020/08/22",3,45),(46,5,"8631","2019/10/08",1,46),(47,1,"6583","2021/04/13",1,47),(48,3,"9876","2021/03/31",2,48),(49,1,"8208","2021/03/27",3,49),(50,1,"6521","2019/06/23",1,50);
INSERT INTO cuotas (id,nro,valor,fecha_vencimiento,estado,id_prestamo) VALUES (51,1,"6643","2020/04/01",1,51),(52,2,"5828","2020/04/17",1,52),(53,2,"7613","2020/08/18",3,53),(54,2,"7973","2020/11/11",3,54),(55,4,"8314","2019/10/13",1,55),(56,1,"6838","2020/02/26",2,56),(57,2,"7792","2020/08/28",1,57),(58,3,"7773","2020/02/09",3,58),(59,2,"5153","2020/07/22",1,59),(60,3,"6812","2020/01/09",2,60);
INSERT INTO cuotas (id,nro,valor,fecha_vencimiento,estado,id_prestamo) VALUES (61,3,"6466","2020/12/26",1,61),(62,3,"7500","2019/11/26",1,62),(63,4,"5709","2020/07/27",2,63),(64,5,"6564","2020/06/30",2,64),(65,1,"9863","2020/07/24",2,65),(66,5,"6181","2020/06/26",3,66),(67,5,"9810","2020/05/21",1,67),(68,1,"7397","2020/05/07",2,68),(69,3,"9932","2020/07/04",1,69),(70,1,"9417","2020/08/04",3,70);
INSERT INTO cuotas (id,nro,valor,fecha_vencimiento,estado,id_prestamo) VALUES (71,4,"9475","2020/02/27",3,71),(72,2,"7899","2019/12/16",3,72),(73,3,"6066","2020/02/20",3,73),(74,2,"6057","2020/02/10",1,74),(75,2,"6693","2019/11/27",1,75),(76,4,"5820","2020/12/10",1,76),(77,2,"5634","2020/07/19",2,77),(78,1,"6013","2020/05/08",3,78),(79,3,"9691","2020/07/19",2,79),(80,1,"6449","2020/11/02",1,80);
INSERT INTO cuotas (id,nro,valor,fecha_vencimiento,estado,id_prestamo) VALUES (81,3,"5241","2020/05/20",1,81),(82,1,"7210","2020/06/18",3,82),(83,5,"6064","2019/06/13",1,83),(84,5,"6237","2020/11/04",1,84),(85,3,"5913","2019/07/08",2,85),(86,3,"7339","2019/10/05",2,86),(87,5,"5416","2021/04/26",3,87),(88,5,"7683","2020/12/01",2,88),(89,2,"7207","2020/05/05",3,89),(90,4,"5184","2019/07/14",2,90);
INSERT INTO cuotas (id,nro,valor,fecha_vencimiento,estado,id_prestamo) VALUES (91,1,"6438","2020/04/21",1,91),(92,1,"7539","2020/04/19",3,92),(93,1,"9257","2019/10/06",3,93),(94,1,"7558","2020/07/27",1,94),(95,5,"8195","2020/03/17",2,95),(96,3,"7095","2020/10/14",3,96),(97,2,"7291","2019/05/16",2,97),(98,1,"6953","2020/08/15",2,98),(99,1,"5941","2020/12/01",1,99),(100,1,"9701","2019/08/26",3,100);


